robot1: (0, 0)
robot2: (1.8215145890946414, -0.5528755705266752)
