robot1: (0, 0)
robot2: (1.6660853548554166, -1.3927655749878485)
